total_gmv_revenue_eligible,top_5_seller_gmv,top_10_seller_gmv,top_50_seller_gmv,top_5_share,top_10_share,top_50_share
15740216.930000035,1163007.5300000003,2023089.1000000003,5092629.58,0.07388764304660683,0.12852993761122172,0.3235425282032621
