total_orders,total_gmv,aov,cancellation_rate,avg_review_score,avg_delivery_days,on_time_rate
99441,15848243.139999082,159.37332830521697,0.012409368369183738,4.088993284487064,12.497336125046644,0.9188710145528421
