payment_type,payment_records,payment_value,avg_payment_value
credit_card,76795,12542084.189999392,163.31902063935664
boleto,19784,2869361.2699999674,145.0344354023437
voucher,5775,379436.870000001,65.70335411255428
debit_card,1529,217989.78999999972,142.57017004578137
not_defined,3,0.0,0.0
