payment_type,payment_records,payment_value,avg_payment_value
credit_card,76795,12542084.189999323,163.31902063935573
boleto,19784,2869361.2699999576,145.03443540234318
voucher,5775,379436.8700000006,65.70335411255421
debit_card,1529,217989.79,142.57017004578157
not_defined,3,0.0,0.0
