naive_gmv,trusted_gmv,gmv_overstatement
16571528.429998936,15848243.139999082,723285.2899998538
