delay_bucket,orders,avg_review_score
On time or early,89941,4.292617032199078
1-3 days late,1870,3.2958129418162043
4-7 days late,1802,2.105232892466935
8+ days late,2863,1.6951572099747019
Not Delivered,2965,1.7396206156048675
