payment_type,payment_records,payment_value,avg_payment_value
credit_card,76795,12542084.189999284,163.31902063935522
boleto,19784,2869361.269999973,145.03443540234397
voucher,5775,379436.87000000116,65.70335411255431
debit_card,1529,217989.7899999999,142.57017004578148
not_defined,3,0.0,0.0
