naive_gmv,trusted_gmv,gmv_overstatement
16571528.42999882,15848243.13999924,723285.28999958
